Series Name,Series Code,Country Name,Country Code,1990 [YR1990],2000 [YR2000],2013 [YR2013],2014 [YR2014],2015 [YR2015],2016 [YR2016],2017 [YR2017],2018 [YR2018],2019 [YR2019],2020 [YR2020],2021 [YR2021],2022 [YR2022]
CO2 emissions (metric tons per capita),EN.ATM.CO2E.PC,Afghanistan,AFG,0.191389344873899,0.0551666066110075,0.29808781267706,0.283692395910162,0.297971774718822,0.268358772656602,0.281195815732375,0.299082634225993,0.297563650500103,0.223478872007068,..,..
CO2 emissions (metric tons per capita),EN.ATM.CO2E.PC,Albania,ALB,1.84403546341413,1.03156754537918,1.65638950333875,1.79571244233506,1.66521852478371,1.5900693334483,1.88055711291312,1.85464154039805,1.74946245713759,1.54455011524574,..,..
CO2 emissions (metric tons per capita),EN.ATM.CO2E.PC,Algeria,DZA,2.466365604238,2.60106533887127,3.65846867891071,3.81152114717356,3.95196093867474,3.83383422168475,3.83368112626665,3.92429872230088,3.99440182789199,3.7182233703076,..,..
CO2 emissions (metric tons per capita),EN.ATM.CO2E.PC,American Samoa,ASM,..,..,..,..,..,..,..,..,..,..,..,..
CO2 emissions (metric tons per capita),EN.ATM.CO2E.PC,Andorra,AND,7.59215217756538,7.92701635475135,6.67423318900893,6.44593066279443,6.48576924149081,6.46528811690102,6.30209786421442,6.59405703011478,6.2872038038851,5.77714799227799,..,..
CO2 emissions (metric tons per capita),EN.ATM.CO2E.PC,Angola,AGO,0.554941321223965,0.988416415650984,1.0310436355189,1.0914970571178,1.12518536428885,1.01255212444657,0.829723216824015,0.755827619476188,0.753638205444169,0.592742967779037,..,..
CO2 emissions (metric tons per capita),EN.ATM.CO2E.PC,Antigua and Barbuda,ATG,3.4455533097524,4.16361335020985,5.34368396668814,5.34089380967323,5.45023960151655,5.5264785124332,5.48842722154545,5.5508261847074,5.52558159731646,5.12173012173012,..,..
CO2 emissions (metric tons per capita),EN.ATM.CO2E.PC,Argentina,ARG,3.07356315436491,3.56791849018313,4.34225013023383,4.20911189491323,4.30191380564475,4.20181586904703,4.07011168693629,3.97565074444479,3.74202981162433,3.4056175404138,..,..
CO2 emissions (metric tons per capita),EN.ATM.CO2E.PC,Armenia,ARM,5.57991912924335,1.12386749283499,1.896163384039,1.89589367216507,1.85625278998956,1.7679664042068,1.88339587008485,2.01377938113001,2.1965523671897,2.40468376195106,..,..
CO2 emissions (metric tons per capita),EN.ATM.CO2E.PC,Aruba,ABW,..,..,..,..,..,..,..,..,..,..,..,..
CO2 emissions (metric tons per capita),EN.ATM.CO2E.PC,Australia,AUS,15.4371827741345,17.8373183976585,16.7945880965987,16.1557451398864,16.1984582210401,16.3203306101751,16.1480905133657,15.8635624340846,15.595726745355,14.7726575989848,..,..
CO2 emissions (metric tons per capita),EN.ATM.CO2E.PC,Austria,AUT,7.59010660536478,7.93085896065763,7.754017978913,7.26093085754911,7.3188595368183,7.29077721621103,7.48703675539348,7.14114021108032,7.26333120118199,6.63264573733546,..,..
CO2 emissions (metric tons per capita),EN.ATM.CO2E.PC,Azerbaijan,AZE,7.45396643995986,3.44000198792337,3.28557436862051,3.3815556221401,3.29279481365619,3.30395789547903,3.24303764763118,3.29264124897847,3.54349533028946,3.39884957289227,..,..
CO2 emissions (metric tons per capita),EN.ATM.CO2E.PC,"Bahamas, The",BHS,7.44276430753771,6.50833502556813,7.27447167120446,6.47314143566049,5.62112773970771,5.15359516738388,5.43882512154779,6.955357720462,6.48289363427156,6.04225147673512,..,..
CO2 emissions (metric tons per capita),EN.ATM.CO2E.PC,Bahrain,BHR,20.7520032159685,22.3159442371971,22.8688416095137,23.0965713649406,22.3856249935763,21.4953098652797,20.9460377778113,20.7379617303374,22.063354812112,21.9769078065259,..,..
CO2 emissions (metric tons per capita),EN.ATM.CO2E.PC,Bangladesh,BGD,0.107550001259477,0.160122047170439,0.408788178786231,0.42518945677671,0.46351707533422,0.50773927054082,0.541787825904309,0.586157624560863,0.559733655592985,0.510647559277094,..,..
CO2 emissions (metric tons per capita),EN.ATM.CO2E.PC,Barbados,BRB,3.87966067648377,4.48920678463067,5.19917649395915,4.62018861737053,4.56543549947318,4.63224343170081,4.22645037197291,4.54138182546266,4.16614319366122,3.90487115816925,..,..
CO2 emissions (metric tons per capita),EN.ATM.CO2E.PC,Belarus,BLR,9.79748655164197,5.30757213959263,6.34224947425193,6.29006780430576,5.799689168547,5.82946357939628,5.94640716888454,6.27957941620664,6.12342695003417,5.84240729590088,..,..
CO2 emissions (metric tons per capita),EN.ATM.CO2E.PC,Belgium,BEL,10.9670355667222,11.4400292647238,8.65194718679944,8.06155236787537,8.43483650630165,8.3106603919614,8.13943859065518,8.18436667928584,8.09379074556662,7.39813065774681,..,..
CO2 emissions (metric tons per capita),EN.ATM.CO2E.PC,Belize,BLZ,1.86374863765068,1.76867465870236,1.32699716845379,1.37284118807385,1.875949993192,1.77314715242858,1.71633844240485,1.64892976606136,1.89208291034323,1.74110771521393,..,..
CO2 emissions (metric tons per capita),EN.ATM.CO2E.PC,Benin,BEN,0.0643060696974083,0.203557490451232,0.453634928841865,0.488570533867478,0.503586323811604,0.598485713029697,0.592940505290305,0.636814493777282,0.60823677321991,0.631204805964476,..,..
CO2 emissions (metric tons per capita),EN.ATM.CO2E.PC,Bermuda,BMU,..,..,..,..,..,..,..,..,..,..,..,..
CO2 emissions (metric tons per capita),EN.ATM.CO2E.PC,Bhutan,BTN,0.331977179366881,0.662185566588954,1.24573151741898,1.37487658839394,1.40204016284708,1.63838876655361,1.73186566700303,1.90828976926791,1.86720072342627,1.34005431673023,..,..
CO2 emissions (metric tons per capita),EN.ATM.CO2E.PC,Bolivia,BOL,1.4666876356537,0.943608123029713,1.68698792155035,1.78421940046278,1.8036741828399,1.8936936513003,1.89131542884796,1.88518817031758,1.85346150629409,1.53946469560316,..,..
CO2 emissions (metric tons per capita),EN.ATM.CO2E.PC,Bosnia and Herzegovina,BIH,5.33243145221402,3.33905990165935,6.03937627554934,5.46245548950622,5.56957873339682,6.42249063914649,6.59666334014239,6.65145351838121,6.28566395622831,6.31230587447531,..,..
CO2 emissions (metric tons per capita),EN.ATM.CO2E.PC,Botswana,BWA,2.09277257703094,2.33574698101026,2.44513272580164,3.09192452937034,3.01483577574071,2.81808659692843,3.05495453485661,3.28847103849256,2.8796632558601,2.2634631138367,..,..
CO2 emissions (metric tons per capita),EN.ATM.CO2E.PC,Brazil,BRA,1.31313162278407,1.7835001158786,2.4134465369818,2.51459195963426,2.36536062099671,2.16125984748939,2.18548661863967,2.06426147881772,2.05077012882977,1.94252335631484,..,..
CO2 emissions (metric tons per capita),EN.ATM.CO2E.PC,British Virgin Islands,VGB,..,..,..,..,..,..,..,..,..,..,..,..
CO2 emissions (metric tons per capita),EN.ATM.CO2E.PC,Brunei Darussalam,BRN,12.447313765615,14.128579385852,17.5097521994064,16.9931550247686,15.1806794372587,16.358211618004,16.9430783961922,17.3623104307419,16.111932938856,21.7058124398664,..,..
CO2 emissions (metric tons per capita),EN.ATM.CO2E.PC,Bulgaria,BGR,8.44267722714858,5.31458823633089,5.45906018005221,5.82153390574504,6.2073775238782,5.83441898521035,6.20201084038645,5.82177716644055,5.61371010274005,4.92328037940501,..,..
CO2 emissions (metric tons per capita),EN.ATM.CO2E.PC,Burkina Faso,BFA,0.0650614952141307,0.0882723122527116,0.167097517816553,0.164943646730665,0.203109100380761,0.207403201722726,0.233173679706721,0.252428280421403,0.26950158887331,0.253533188747507,..,..
CO2 emissions (metric tons per capita),EN.ATM.CO2E.PC,Burundi,BDI,0.0342098981489637,0.0416319271539568,0.0361000266316517,0.0347596973886301,0.0341936179122354,0.0405380853018533,0.0474291236691765,0.057850230113233,0.0595713389942667,0.0583840218352736,..,..
CO2 emissions (metric tons per capita),EN.ATM.CO2E.PC,Cabo Verde,CPV,0.504165260873978,0.667319874915712,0.929732933288884,0.909030977373113,0.905343682877975,0.972252567183745,1.0349515181767,1.04113781114212,1.06961509800184,1.06515172319099,..,..
CO2 emissions (metric tons per capita),EN.ATM.CO2E.PC,Cambodia,KHM,0.141448003368494,0.16197918596341,0.382514750478394,0.456727603783544,0.546949078655501,0.708268456939398,0.799744091997512,0.845896953293299,1.11633042620485,1.13758365931038,..,..
CO2 emissions (metric tons per capita),EN.ATM.CO2E.PC,Cameroon,CMR,0.253706743000318,0.345165659770598,0.347933813621414,0.368742288253346,0.369370823329051,0.378493591541366,0.372071194814649,0.388794447700892,0.370691707164993,0.37478265803136,..,..
CO2 emissions (metric tons per capita),EN.ATM.CO2E.PC,Canada,CAN,15.1489693200763,16.7574667443141,15.8408097562138,15.8521772244521,15.6499072848632,15.4218225254765,15.5471947150649,15.6366541621759,15.0527469447143,13.5993749178773,..,..
CO2 emissions (metric tons per capita),EN.ATM.CO2E.PC,Cayman Islands,CYM,..,..,..,..,..,..,..,..,..,..,..,..
CO2 emissions (metric tons per capita),EN.ATM.CO2E.PC,Central African Republic,CAF,0.0526836443270216,0.0646951321701333,0.0251122973629173,0.0271738337653223,0.0382625562500039,0.0420865723239598,0.0445090109733524,0.0449675942827757,0.0451882048419334,0.044282072685485,..,..
CO2 emissions (metric tons per capita),EN.ATM.CO2E.PC,Chad,TCD,0.0667402428219058,0.0614349901206385,0.112528284150601,0.108278189161726,0.104563037463065,0.10072718438851,0.0986485114163678,0.0998063984014571,0.0981963885605548,0.0942281870969025,..,..
CO2 emissions (metric tons per capita),EN.ATM.CO2E.PC,Channel Islands,CHI,..,..,..,..,..,..,..,..,..,..,..,..
CO2 emissions (metric tons per capita),EN.ATM.CO2E.PC,Chile,CHL,2.28838357690416,3.28459876265967,4.74008312428523,4.3285934591455,4.60323610513279,4.78352570264377,4.74380241866313,4.62965705867727,4.82762007480769,4.39515106359663,..,..
CO2 emissions (metric tons per capita),EN.ATM.CO2E.PC,China,CHN,1.91454626338438,2.65040910152893,7.32015492503154,7.30471287157582,7.14513153508327,7.10547993572515,7.22616015441748,7.53319313353674,7.64543578560038,7.75613790659769,..,..
CO2 emissions (metric tons per capita),EN.ATM.CO2E.PC,Colombia,COL,1.5141806977389,1.50440639819294,1.68098788159418,1.71582096359122,1.71939023077553,1.75379580314977,1.56507517599547,1.61039151744768,1.57782014077396,1.55225942282078,..,..
CO2 emissions (metric tons per capita),EN.ATM.CO2E.PC,Comoros,COM,0.151930209524516,0.195432578554954,0.274809727864019,0.240550116706688,0.254582205813075,0.292000343056851,0.366303251827578,0.389920045136433,0.412396679587249,0.407112182850678,..,..
CO2 emissions (metric tons per capita),EN.ATM.CO2E.PC,"Congo, Dem. Rep.",COD,0.0883361272169165,0.0336292442720414,0.0539000662686987,0.0675486326218718,0.0410822170168305,0.029732419887336,0.0337552149879134,0.0323112350811435,0.0337148799163223,0.0325847808481787,..,..
CO2 emissions (metric tons per capita),EN.ATM.CO2E.PC,"Congo, Rep.",COG,1.34195649850027,1.38702756514775,1.10015273196348,1.04656126835517,1.11662104744781,1.0599164344115,1.01776241731516,1.14258944301682,1.25766214248646,1.25459166977367,..,..
CO2 emissions (metric tons per capita),EN.ATM.CO2E.PC,Costa Rica,CRI,0.909110194781735,1.24316664208044,1.62342547847402,1.61681138693653,1.53984215693524,1.61952841186564,1.63671577915361,1.62012119663525,1.56482445188662,1.35999554957394,..,..
CO2 emissions (metric tons per capita),EN.ATM.CO2E.PC,Cote d'Ivoire,CIV,0.227143353701847,0.386281397194112,0.386857284358351,0.399942510628685,0.415553147784264,0.396202600337942,0.425136558186376,0.399890358464121,0.414528305155615,0.406347356890383,..,..
CO2 emissions (metric tons per capita),EN.ATM.CO2E.PC,Croatia,HRV,4.25786751198568,4.0360745536,3.99714358826503,3.83079514409838,3.94953949039919,4.04297771940008,4.22057683649365,4.02006632837905,4.06451947763153,3.86070539173057,..,..
CO2 emissions (metric tons per capita),EN.ATM.CO2E.PC,Cuba,CUB,3.35209115170495,2.55300140260158,2.54997116568281,2.35413332090837,2.57584418337596,2.39608281140947,2.31478144967474,2.35469857464228,2.15774090266798,2.15276967847473,..,..
CO2 emissions (metric tons per capita),EN.ATM.CO2E.PC,Curacao,CUW,..,..,..,..,..,..,..,..,..,..,..,..
CO2 emissions (metric tons per capita),EN.ATM.CO2E.PC,Cyprus,CYP,5.82270133164236,7.51679168815391,5.50803449623297,5.78745024405371,5.77109022303079,6.02664204541186,6.09107149801866,5.9061510578579,5.85187933947248,5.47199800894842,..,..
CO2 emissions (metric tons per capita),EN.ATM.CO2E.PC,Czechia,CZE,14.8208689239845,12.161475751051,9.78767716870935,9.49713106845789,9.59291997133716,9.74775352506433,9.77398706755375,9.66462802005809,9.15611790623386,8.30401749583889,..,..
CO2 emissions (metric tons per capita),EN.ATM.CO2E.PC,Denmark,DNK,10.1106043078901,9.85127020370004,7.11686267972613,6.34715312817014,5.93032476740055,6.16973434054759,5.75613445319845,5.71891295897775,5.10738642637222,4.69123730751634,..,..
CO2 emissions (metric tons per capita),EN.ATM.CO2E.PC,Djibouti,DJI,0.474900939579641,0.503212121293797,0.575032955905462,0.406607305525196,0.443772428370827,0.386480086703197,0.387797733776952,0.392452501801933,0.398763866464803,0.392329171237878,..,..
CO2 emissions (metric tons per capita),EN.ATM.CO2E.PC,Dominica,DMA,0.902404974021675,1.83331870189916,2.49059126113428,2.59474420146747,2.58402731155456,2.60435247948626,2.35217249264946,2.33398754641854,2.43741949935599,2.26126814362109,..,..
CO2 emissions (metric tons per capita),EN.ATM.CO2E.PC,Dominican Republic,DOM,1.10263649732838,2.18605044895725,2.09580517022116,2.08621475250958,2.26704601804065,2.33609927132434,2.21196208145507,2.35622376638923,2.36863439614581,2.08018172191441,..,..
CO2 emissions (metric tons per capita),EN.ATM.CO2E.PC,Ecuador,ECU,1.47586991069813,1.74644499860492,2.5250351571193,2.61945204390978,2.55560326309705,2.42048080897419,2.30876380731708,2.36682982605683,2.28505501120289,1.95757534925331,..,..
CO2 emissions (metric tons per capita),EN.ATM.CO2E.PC,"Egypt, Arab Rep.",EGY,1.53361823715368,1.60588760442895,2.29022523426049,2.29224576651155,2.31554239924709,2.35935349574476,2.40241649556664,2.29401624327717,2.06316078338081,1.96112257208929,..,..
CO2 emissions (metric tons per capita),EN.ATM.CO2E.PC,El Salvador,SLV,0.44405077602219,0.94514005412788,1.04367501384658,1.0616269261132,1.12301811600134,1.13992298228465,1.01248608906763,1.09058747913992,1.25994054027114,1.01328024350636,..,..
CO2 emissions (metric tons per capita),EN.ATM.CO2E.PC,Equatorial Guinea,GNQ,0.149500911826682,2.89396578279271,4.81534092050989,4.59132029991129,4.07892363098592,4.16755127322584,3.70119404919301,3.37429623105391,3.13998883473672,2.72573085162172,..,..
CO2 emissions (metric tons per capita),EN.ATM.CO2E.PC,Eritrea,ERI,0,0.264614188759988,0.178812007279529,0.178195686678652,0.170927836656581,0.172496431953649,0.171174998152745,0.196698529680667,0.199267295412336,0.198657542968412,..,..
CO2 emissions (metric tons per capita),EN.ATM.CO2E.PC,Estonia,EST,22.0147032770107,10.6890911498692,14.2993496950297,13.3847833280717,10.929773066435,12.0894671642131,12.7324303316269,11.8889360404909,7.58212010267556,5.33839981587368,..,..
CO2 emissions (metric tons per capita),EN.ATM.CO2E.PC,Eswatini,SWZ,1.2894447495407,1.0583253113064,0.855748672784778,0.868132502564695,0.895905941781547,0.976784732749597,0.960404380791912,0.952924265874315,0.999903386846761,0.972087527685903,..,..
CO2 emissions (metric tons per capita),EN.ATM.CO2E.PC,Ethiopia,ETH,0.0482621762993678,0.0530643134257323,0.104968497193462,0.125220099867699,0.127315885004371,0.144807033553953,0.146790211829337,0.153230325883588,0.155169188831947,0.154431771590205,..,..
CO2 emissions (metric tons per capita),EN.ATM.CO2E.PC,Faroe Islands,FRO,..,..,..,..,..,..,..,..,..,..,..,..
CO2 emissions (metric tons per capita),EN.ATM.CO2E.PC,Fiji,FJI,0.913573286521533,1.00489003722482,1.16798565443433,1.32552754598279,1.37788922808548,1.30513703067714,1.44839225304373,1.50947338182103,1.51720533716581,1.11709628844161,..,..
CO2 emissions (metric tons per capita),EN.ATM.CO2E.PC,Finland,FIN,10.9422550918683,10.6443731309922,9.2280857485569,8.45218320494398,7.81369792414716,8.31624752993602,7.80931895529113,8.04918842721228,7.42303960115952,6.57014512772575,..,..
CO2 emissions (metric tons per capita),EN.ATM.CO2E.PC,France,FRA,6.13833638319543,6.12651544488878,5.12789942785166,4.61480713608279,4.67593508663906,4.70347567349874,4.74791692880333,4.57051742845134,4.46016494835631,3.95368245187991,..,..
CO2 emissions (metric tons per capita),EN.ATM.CO2E.PC,French Polynesia,PYF,..,..,..,..,..,..,..,..,..,..,..,..
CO2 emissions (metric tons per capita),EN.ATM.CO2E.PC,Gabon,GAB,4.16989139678626,4.77636328642075,3.0439443052508,3.03126056572549,3.01491187897365,3.05995668692354,2.4972724702892,2.33593611713804,2.35176354398661,2.33327357514897,..,..
CO2 emissions (metric tons per capita),EN.ATM.CO2E.PC,"Gambia, The",GMB,0.186908523413055,0.170291032104172,0.202647786757678,0.231519233044574,0.260037911654572,0.255997956159271,0.252941606311487,0.244507377758581,0.241900479217245,0.237529598930845,..,..
CO2 emissions (metric tons per capita),EN.ATM.CO2E.PC,Georgia,GEO,6.97382340691379,1.17062709047122,2.15834227262897,2.32671060548785,2.52314190948536,2.63275300770891,2.65748105420488,2.60970672866505,2.83579124666916,2.75470919618902,..,..
CO2 emissions (metric tons per capita),EN.ATM.CO2E.PC,Germany,DEU,12.0265802780856,10.0993658941276,9.62422936749002,9.08852776834501,9.08734480366678,9.07297238768971,8.8583445114547,8.53704268780674,7.9271876239049,7.2552210281684,..,..
CO2 emissions (metric tons per capita),EN.ATM.CO2E.PC,Ghana,GHA,0.16293797714013,0.251684396360693,0.504973606930306,0.474057677945499,0.496024739617925,0.492155067910077,0.500789782048743,0.543393316646713,0.572264895729339,0.602887453142675,..,..
CO2 emissions (metric tons per capita),EN.ATM.CO2E.PC,Gibraltar,GIB,..,..,..,..,..,..,..,..,..,..,..,..
CO2 emissions (metric tons per capita),EN.ATM.CO2E.PC,Greece,GRC,7.41599907108039,8.74165078631788,6.61037895212413,6.38505903145612,6.28508782508784,6.20348737018687,6.21083158316487,6.05813051890443,5.59528435262632,4.76718493701839,..,..
CO2 emissions (metric tons per capita),EN.ATM.CO2E.PC,Greenland,GRL,..,..,..,..,..,..,..,..,..,..,..,..
CO2 emissions (metric tons per capita),EN.ATM.CO2E.PC,Grenada,GRD,1.16005532726887,1.84861121453571,2.71153106161016,2.14881497304445,2.29114136829719,2.31232182451695,2.37758536565195,2.62890067138331,2.82096411459861,2.62406702085507,..,..
CO2 emissions (metric tons per capita),EN.ATM.CO2E.PC,Guam,GUM,..,..,..,..,..,..,..,..,..,..,..,..
CO2 emissions (metric tons per capita),EN.ATM.CO2E.PC,Guatemala,GTM,0.434469617236908,0.814796784851732,0.867210613999047,0.914557101787262,1.05707310890778,1.1026182595186,1.02751728089616,1.10575367270347,1.14537281500282,1.00040733564819,..,..
CO2 emissions (metric tons per capita),EN.ATM.CO2E.PC,Guinea,GIN,0.157235945984865,0.179309813748813,0.195379103300369,0.196384745395564,0.216953417676487,0.235227854196447,0.271355057259789,0.297494261984837,0.350765779082478,0.34364615086247,..,..
CO2 emissions (metric tons per capita),EN.ATM.CO2E.PC,Guinea-Bissau,GNB,0.176570102644854,0.119429759458715,0.145722021990242,0.151206699443415,0.157581198477963,0.166253123378351,0.16310020182719,0.165094768449133,0.16508860634868,0.163208368967987,..,..
CO2 emissions (metric tons per capita),EN.ATM.CO2E.PC,Guyana,GUY,1.56856498856938,2.1873365557782,2.64322603087956,2.74710077684509,2.7547610627908,3.26523837188623,3.24113136945596,3.29351227349226,3.50033114116629,3.47277101663067,..,..
CO2 emissions (metric tons per capita),EN.ATM.CO2E.PC,Haiti,HTI,0.147346025771187,0.17622731445625,0.258338055000553,0.290138810726091,0.310537245413729,0.314036533462437,0.30618371925255,0.298729952296593,0.297241022260954,0.283815024249564,..,..
CO2 emissions (metric tons per capita),EN.ATM.CO2E.PC,Honduras,HND,0.485570230866016,0.749197240384724,1.08083592531217,1.08285131015576,1.13380970799413,1.09871281471182,0.974047356339701,0.922234078945353,1.02385531471622,0.872911171700029,..,..
CO2 emissions (metric tons per capita),EN.ATM.CO2E.PC,"Hong Kong SAR, China",HKG,..,..,..,..,..,..,..,..,..,..,..,..
CO2 emissions (metric tons per capita),EN.ATM.CO2E.PC,Hungary,HUN,6.49904356935828,5.3504510002036,4.12031356861289,4.11750182537459,4.40759693053804,4.50869128796621,5.05210173390467,5.03325434726835,4.8368762665486,4.59165290704788,..,..
CO2 emissions (metric tons per capita),EN.ATM.CO2E.PC,Iceland,ISL,7.64231279382795,7.91394178624135,6.27555874031702,6.25408539155614,6.21948823360488,4.86824728192011,4.86604542807222,4.81768876817655,4.54345010442003,3.94746536485266,..,..
CO2 emissions (metric tons per capita),EN.ATM.CO2E.PC,India,IND,0.647451316293756,0.885077949226179,1.52767440026001,1.64246527737333,1.63132348717228,1.63991401876928,1.70492672078233,1.79559529858433,1.75253436625037,1.57609323191648,..,..
CO2 emissions (metric tons per capita),EN.ATM.CO2E.PC,Indonesia,IDN,0.814355525959575,1.3109381334086,1.77040203245853,1.89142782676209,1.88756448144649,1.84830385185678,1.94857443086369,2.12683683837158,2.24528577070833,2.07165896221472,..,..
CO2 emissions (metric tons per capita),EN.ATM.CO2E.PC,"Iran, Islamic Rep.",IRN,3.55724665265993,5.19428491683261,7.43960075518748,7.57057831407027,7.32579213851096,7.28896617589145,7.41290262847642,7.44512790495015,7.22298000274987,7.06335132057733,..,..
CO2 emissions (metric tons per capita),EN.ATM.CO2E.PC,Iraq,IRQ,3.63602982629042,3.55804154622192,3.92042117367214,3.6478560889955,3.52694421151988,3.70255080483218,3.94880897233655,4.14268046621517,4.34726413932218,3.84217781974399,..,..
CO2 emissions (metric tons per capita),EN.ATM.CO2E.PC,Ireland,IRL,8.81096445221279,11.1778068493057,7.71834346349422,7.63385246922327,7.88760935074481,8.2033757874051,7.84814955647433,7.69902755440575,7.25774875667262,6.76822759018266,..,..
CO2 emissions (metric tons per capita),EN.ATM.CO2E.PC,Isle of Man,IMN,..,..,..,..,..,..,..,..,..,..,..,..
CO2 emissions (metric tons per capita),EN.ATM.CO2E.PC,Israel,ISR,7.25448497854077,9.0630147877246,8.31348098517278,7.8773324245043,7.9133542559158,7.63316171308214,7.56387361849127,6.91499302021885,6.9357521537442,6.34521600416707,..,..
CO2 emissions (metric tons per capita),EN.ATM.CO2E.PC,Italy,ITA,7.14505342455223,7.66210832939307,5.75187766207853,5.38744255964141,5.56329428886422,5.49824437749353,5.43791206092819,5.37694036055885,5.31103098673157,4.73237277079935,..,..
CO2 emissions (metric tons per capita),EN.ATM.CO2E.PC,Jamaica,JAM,3.1215327566962,3.85551669949334,2.66929522571795,2.58257818248811,2.53671122530592,2.69365735479601,2.57266121060713,3.05458890724385,2.98328969678791,2.06904180772051,..,..
CO2 emissions (metric tons per capita),EN.ATM.CO2E.PC,Japan,JPN,8.83159834140495,9.33772380028855,9.94449527247048,9.56430591784783,9.26804964566898,9.16671440712644,9.06369120751032,8.76197885041518,8.47840057488964,8.0314958696668,..,..
CO2 emissions (metric tons per capita),EN.ATM.CO2E.PC,Jordan,JOR,2.85411627406527,3.21747234173507,3.09347308459958,2.95137713839159,2.66573038027454,2.4817715734492,2.54731566057105,2.36236318537572,2.16362144761182,1.9191724264898,..,..
CO2 emissions (metric tons per capita),EN.ATM.CO2E.PC,Kazakhstan,KAZ,14.5125336432591,8.07276392190989,15.2631047859855,12.1042254914238,10.8910512947587,11.3788397304605,11.9137581041033,11.8675495659661,11.0508703486337,11.2977433059429,..,..
CO2 emissions (metric tons per capita),EN.ATM.CO2E.PC,Kenya,KEN,0.27065569439678,0.27973260127852,0.32120873806002,0.364375325524079,0.386120073710359,0.403178474765564,0.41058150997657,0.385437968227287,0.382362032876395,0.374079219355755,..,..
CO2 emissions (metric tons per capita),EN.ATM.CO2E.PC,Kiribati,KIR,0.319471806613066,0.399657757863689,0.563052130861081,0.522676870896204,0.520105906243841,0.47842852682828,0.60401123278111,0.598719133656685,0.592397034795277,0.449933972782553,..,..
CO2 emissions (metric tons per capita),EN.ATM.CO2E.PC,"Korea, Dem. People's Rep.",PRK,5.73606904350643,3.07368163019574,1.10508359411769,1.24266246960187,0.993803353113853,1.10784288896746,2.12750106098759,1.95495002388823,2.15676369121383,2.02714861876503,..,..
CO2 emissions (metric tons per capita),EN.ATM.CO2E.PC,"Korea, Rep.",KOR,5.77746541737122,9.51404535272647,11.8900369278382,11.5887156236236,11.9146864937447,12.0162045997951,12.1914934200949,12.2164561683734,11.8252835873752,10.9900295814285,..,..
CO2 emissions (metric tons per capita),EN.ATM.CO2E.PC,Kosovo,XKX,..,..,..,..,..,..,..,..,..,..,..,..
CO2 emissions (metric tons per capita),EN.ATM.CO2E.PC,Kuwait,KWT,17.3907332689329,25.757493535845,23.9581430833469,22.7499904295637,22.7750200000358,22.5726979547119,21.9104008238737,21.4612299449757,21.1352142487222,21.1696102506992,..,..
CO2 emissions (metric tons per capita),EN.ATM.CO2E.PC,Kyrgyz Republic,KGZ,5.18361723446894,0.947921770374,1.65308762850549,1.687687430383,1.72348033373063,1.59151245990624,1.52286147591236,1.78825836654647,1.55159381679626,1.37997537956504,..,..
CO2 emissions (metric tons per capita),EN.ATM.CO2E.PC,Lao PDR,LAO,0.118893678743699,0.166285112117747,0.630353375423551,0.649260982740074,1.3076988469402,2.27853328869775,2.72288168036289,2.76759794432264,2.65817514097581,2.6202834413044,..,..
CO2 emissions (metric tons per capita),EN.ATM.CO2E.PC,Latvia,LVA,7.05082062564233,2.92689489134337,3.7027854362936,3.65250564003487,3.69951965257617,3.64642259880778,3.66415617367092,4.03969750525899,3.95496550880907,3.64561216849281,..,..
CO2 emissions (metric tons per capita),EN.ATM.CO2E.PC,Lebanon,LBN,1.56443220079584,3.62742388746857,4.0931695513758,4.00854782860099,4.2220742810528,4.43470037080065,4.77487260306172,4.60461121532611,4.65529798386588,3.79219353680069,..,..
CO2 emissions (metric tons per capita),EN.ATM.CO2E.PC,Lesotho,LSO,0.775710020639279,0.874348929016376,1.06391750191303,1.12111154701939,1.01212119209581,0.991756970565407,1.10673601100517,1.03575177080068,1.03342675704115,1.02564216316934,..,..
CO2 emissions (metric tons per capita),EN.ATM.CO2E.PC,Liberia,LBR,0.205373414230058,0.147073248909238,0.204460357783604,0.266650558326574,0.270535774876424,0.297038076350742,0.264435600737267,0.230417244192579,0.229916460209228,0.231838923937177,..,..
CO2 emissions (metric tons per capita),EN.ATM.CO2E.PC,Libya,LBY,6.75091214668551,8.6763767292169,9.98581338934686,9.72308866003998,8.28960787179427,7.75123857963044,8.16760242329375,8.35162531436247,8.32576759513649,6.68280547080212,..,..
CO2 emissions (metric tons per capita),EN.ATM.CO2E.PC,Liechtenstein,LIE,6.91711649574135,6.56634160964089,5.23134507960659,4.34707704334699,4.27717290857984,3.98410635752081,4.1112037002824,3.74401935517666,3.8726083883374,3.66384799772938,..,..
CO2 emissions (metric tons per capita),EN.ATM.CO2E.PC,Lithuania,LTU,8.71263154308004,3.00494122649403,3.83106540275195,3.70448173779067,3.80989428243904,3.90592668442674,3.96768070179532,4.15931506316341,4.20015196105273,4.18400041504391,..,..
CO2 emissions (metric tons per capita),EN.ATM.CO2E.PC,Luxembourg,LUX,29.5534895901532,19.6119642447857,18.7229461130742,17.3339397000642,16.0346486330854,15.1987752871924,15.1030627029057,15.331523974011,15.3230398015487,12.4569532326913,..,..
CO2 emissions (metric tons per capita),EN.ATM.CO2E.PC,"Macao SAR, China",MAC,..,..,..,..,..,..,..,..,..,..,..,..
CO2 emissions (metric tons per capita),EN.ATM.CO2E.PC,Madagascar,MDG,0.0749935074017303,0.101996549055708,0.124225069169491,0.124323710925382,0.132173016426922,0.124763836603653,0.133017230488787,0.123102264831808,0.142653575143316,0.0972695405949093,..,..
CO2 emissions (metric tons per capita),EN.ATM.CO2E.PC,Malawi,MWI,0.0757332673631621,0.0779410309752438,0.0720340847219384,0.0634544336358019,0.0643204280409013,0.0702973935321135,0.0779926724021984,0.087620331640832,0.0871188127927116,0.0846361581872504,..,..
CO2 emissions (metric tons per capita),EN.ATM.CO2E.PC,Malaysia,MYS,3.11781878391195,5.41970307450594,7.40295101276076,7.71943595304507,7.60342044388986,7.34842125102826,7.03982567319804,7.4523713820598,7.46499971649816,7.38371541222915,..,..
CO2 emissions (metric tons per capita),EN.ATM.CO2E.PC,Maldives,MDV,0.69657756815747,1.63606565501032,2.8161246531313,3.25192327073605,3.07473678893985,3.22706339212596,3.27257102459138,3.62648491704066,3.96326718307737,2.82638529813116,..,..
CO2 emissions (metric tons per capita),EN.ATM.CO2E.PC,Mali,MLI,0.0487434021991663,0.0973209512041933,0.165466627828822,0.180858798982259,0.184608688158118,0.18227704163816,0.187961952954622,0.194032415889438,0.191438655613848,0.195565971417317,..,..
CO2 emissions (metric tons per capita),EN.ATM.CO2E.PC,Malta,MLT,6.53527966795607,5.45826956550718,5.56733268070062,5.42229115561099,3.72337676636266,2.96976431627123,3.25043429579978,3.20347481583889,3.29046823605033,3.12555789277592,..,..
CO2 emissions (metric tons per capita),EN.ATM.CO2E.PC,Marshall Islands,MHL,0,1.89583948067276,2.77107026016514,2.85804954481445,2.96093908115766,3.03130625504356,3.16400703583614,3.28556828806889,3.40502593453765,2.53380323866123,..,..
CO2 emissions (metric tons per capita),EN.ATM.CO2E.PC,Mauritania,MRT,0.419635428635806,0.415101578736647,0.561374035889787,0.65948093945265,0.751732037240701,0.637776445066376,0.819299930408905,0.870135939862018,0.872475306517173,0.855176405836122,..,..
CO2 emissions (metric tons per capita),EN.ATM.CO2E.PC,Mauritius,MUS,1.09947817052726,2.04899766023829,3.032741374202,3.13144223633215,3.13640499208554,3.19328156664269,3.30021575049787,3.26641523984712,3.296800515014,2.93851410805884,..,..
CO2 emissions (metric tons per capita),EN.ATM.CO2E.PC,Mexico,MEX,3.29875169033623,3.8741459608624,4.05605522675517,3.8923552480392,3.92536832553423,3.92032302445388,3.86275941197886,3.58748930492536,3.6121651406375,3.04076637477226,..,..
CO2 emissions (metric tons per capita),EN.ATM.CO2E.PC,"Micronesia, Fed. Sts.",FSM,0,1.67667779677555,1.27521660267565,1.2932932198415,1.32374705377209,1.33818512622242,1.32844335778321,1.33238377701052,1.33059194282585,0.958913885073056,..,..
CO2 emissions (metric tons per capita),EN.ATM.CO2E.PC,Moldova,MDA,10.2941087223169,2.29414073665797,2.5114021117949,2.69863514608188,2.82816016203229,2.90490891435674,2.92684095356072,3.16042055213444,3.34866737931946,3.26784636811087,..,..
CO2 emissions (metric tons per capita),EN.ATM.CO2E.PC,Monaco,MCO,..,..,..,..,..,..,..,..,..,..,..,..
CO2 emissions (metric tons per capita),EN.ATM.CO2E.PC,Mongolia,MNG,5.99976959729957,3.67064344492548,6.46156111815428,6.24288838830339,5.83543497274137,5.99850473089282,6.32277465011644,6.80965906666612,7.16083565614723,6.43064533509798,..,..
CO2 emissions (metric tons per capita),EN.ATM.CO2E.PC,Montenegro,MNE,3.15868848990389,2.51399850070254,3.64983008884317,3.567649281935,3.79179598784234,3.45603347565414,3.64251019886788,4.01830843084598,4.18164455619361,4.06756091201437,..,..
CO2 emissions (metric tons per capita),EN.ATM.CO2E.PC,Morocco,MAR,0.874932348598626,1.1513631079467,1.70383108247846,1.71369617616228,1.74053353043953,1.71730556958241,1.7736629145678,1.78932796096006,1.95530801659126,1.81852638730999,..,..
CO2 emissions (metric tons per capita),EN.ATM.CO2E.PC,Mozambique,MOZ,0.0839804144170325,0.0803050115921401,0.164364969672772,0.18523579360939,0.204084856205542,0.261542138205007,0.250697939802182,0.233657167828116,0.248639658557146,0.222767552715213,..,..
CO2 emissions (metric tons per capita),EN.ATM.CO2E.PC,Myanmar,MMR,0.101821583896459,0.207308866736709,0.268370130397576,0.333541952061969,0.369707459697779,0.421272122408643,0.621496099866699,0.622498220579214,0.640928810767197,0.634080348390974,..,..
CO2 emissions (metric tons per capita),EN.ATM.CO2E.PC,Namibia,NAM,..,1.06770173395025,1.70668311779035,1.75305316404228,1.81245575422832,1.78707315981392,1.78639850389125,1.77883176482325,1.76417165717612,1.58804514727825,..,..
CO2 emissions (metric tons per capita),EN.ATM.CO2E.PC,Nauru,NRU,13.1589914565534,8.48029295557483,4.42304095754629,4.62522851919561,4.87259722843093,4.60785170936434,4.79369970895395,4.52868165045287,4.40158259149357,3.36175395858709,..,..
CO2 emissions (metric tons per capita),EN.ATM.CO2E.PC,Nepal,NPL,0.0478575976485138,0.131150878478796,0.222332150237633,0.259710599034175,0.260272198896608,0.38532817662536,0.470677340646946,0.531081943087649,0.480724943133609,0.509366247354604,..,..
CO2 emissions (metric tons per capita),EN.ATM.CO2E.PC,Netherlands,NLD,10.1341402975352,10.1784287890757,9.34814101422768,8.88190506639546,9.29024293675951,9.30689240374546,9.08926563407696,8.78514410481566,8.41396927991521,7.4715534787719,..,..
CO2 emissions (metric tons per capita),EN.ATM.CO2E.PC,New Caledonia,NCL,..,..,..,..,..,..,..,..,..,..,..,..
CO2 emissions (metric tons per capita),EN.ATM.CO2E.PC,New Zealand,NZL,6.70031233107094,7.63537859346243,7.17802390761126,7.07864496844902,7.00334099882848,6.61540909187332,6.84049360146252,6.61327184426397,6.83005302056555,6.16079918274331,..,..
CO2 emissions (metric tons per capita),EN.ATM.CO2E.PC,Nicaragua,NIC,0.457422501430998,0.735474668089729,0.73100554811199,0.766443602468546,0.839345517843812,0.846846296935392,0.837724433734761,0.764549887382264,0.770101819888702,0.678252104273379,..,..
CO2 emissions (metric tons per capita),EN.ATM.CO2E.PC,Niger,NER,0.0675496090625242,0.0568051303207999,0.105880498031464,0.111334835913292,0.104907441945409,0.100195284876599,0.0874508612184734,0.0866494651340312,0.092100576055693,0.0903255776910309,..,..
CO2 emissions (metric tons per capita),EN.ATM.CO2E.PC,Nigeria,NGA,0.764263696349592,0.791318925708192,0.618778681422468,0.640072080671911,0.58559167537452,0.587371085185034,0.560638215463648,0.572783212388204,0.588005207479626,0.537510175389551,..,..
CO2 emissions (metric tons per capita),EN.ATM.CO2E.PC,North Macedonia,MKD,4.20282226464088,4.20564068398845,3.80914636982372,3.60000212820397,3.44991319788274,3.35958195214452,3.5845711404472,3.34772328711305,3.83113737507789,3.27942018720106,..,..
CO2 emissions (metric tons per capita),EN.ATM.CO2E.PC,Northern Mariana Islands,MNP,..,..,..,..,..,..,..,..,..,..,..,..
CO2 emissions (metric tons per capita),EN.ATM.CO2E.PC,Norway,NOR,6.90925063061818,7.63379022825151,7.80116949624017,7.71680157719176,7.76485866052295,7.56103855960786,7.42375166951931,7.26131587924207,7.04232094266605,6.7250800496331,..,..
CO2 emissions (metric tons per capita),EN.ATM.CO2E.PC,Oman,OMN,6.60523218311311,10.7134340875324,16.5105274741398,16.558313527136,16.7307842785492,16.4157459976763,15.7717971559632,16.3795758327742,16.4563584347506,15.6362010028175,..,..
CO2 emissions (metric tons per capita),EN.ATM.CO2E.PC,Pakistan,PAK,0.511428117138821,0.637262087399875,0.710993636907017,0.740619420271711,0.778086202855925,0.848207168777178,0.918472672488548,0.850427079681196,0.824459652346009,0.81036021551031,..,..
CO2 emissions (metric tons per capita),EN.ATM.CO2E.PC,Palau,PLW,0,10.7218898915137,12.4178601516428,12.2387053270398,11.2903225806452,11.6692860350247,11.9414699781353,11.8618450515002,12.1344050011163,8.80258179390162,..,..
CO2 emissions (metric tons per capita),EN.ATM.CO2E.PC,Panama,PAN,1.09915721348197,1.7598845466166,2.68275540120307,2.76643678385556,2.68123188224505,2.64568083736678,2.47466896871459,2.38131879080632,3.09505043316861,2.23144302481653,..,..
CO2 emissions (metric tons per capita),EN.ATM.CO2E.PC,Papua New Guinea,PNG,0.561090740114029,0.512898995823936,0.633608578219704,0.6896023736811,0.733652654277604,0.737248612763731,0.713597978495624,0.762549780383734,0.782552890305524,0.563251566211675,..,..
CO2 emissions (metric tons per capita),EN.ATM.CO2E.PC,Paraguay,PRY,0.510495307567141,0.687826794818474,0.882701828211158,0.924028534552806,1.03068169862171,1.14776478210326,1.24632517460731,1.29748167406657,1.24066887329392,1.14459119207034,..,..
CO2 emissions (metric tons per capita),EN.ATM.CO2E.PC,Peru,PER,0.944194966968125,1.07427509541656,1.65625408117878,1.75159405113357,1.7763005780535,1.8263804846975,1.71724301281113,1.69513088210562,1.73564177469023,1.39856601861908,..,..
CO2 emissions (metric tons per capita),EN.ATM.CO2E.PC,Philippines,PHL,0.663899149071837,0.922837864069837,0.957913716180866,1.00490794980017,1.07725351401488,1.15275130744364,1.25031454207887,1.28139072984074,1.32152779028498,1.18967945167284,..,..
CO2 emissions (metric tons per capita),EN.ATM.CO2E.PC,Poland,POL,9.18938372873063,7.73091999715933,7.84182079398329,7.5168891922455,7.6100211833642,7.89575225360953,8.23624313643991,8.20953133332017,7.76885578278686,7.36756337292709,..,..
CO2 emissions (metric tons per capita),EN.ATM.CO2E.PC,Portugal,PRT,4.113763718272,5.99240147958707,4.45193522799156,4.41600098143824,4.81285327506769,4.71603567572635,5.1719561566168,4.8096126128982,4.33244804259817,3.78490758691711,..,..
CO2 emissions (metric tons per capita),EN.ATM.CO2E.PC,Puerto Rico,PRI,..,..,..,..,..,..,..,..,..,..,..,..
CO2 emissions (metric tons per capita),EN.ATM.CO2E.PC,Qatar,QAT,28.3996151016019,44.3792506080314,37.6028800771898,37.1050343988277,35.2904219503821,33.5495686981102,32.2566382287485,31.4809674373955,31.8772030129291,31.7268424513247,..,..
CO2 emissions (metric tons per capita),EN.ATM.CO2E.PC,Romania,ROU,7.44051494202937,3.96574499873479,3.60747135176666,3.5933033029971,3.69982946782982,3.63334838574668,3.78830872775473,3.86106171468889,3.81706295716296,3.56413750145988,..,..
CO2 emissions (metric tons per capita),EN.ATM.CO2E.PC,Russian Federation,RUS,14.6214892920399,10.6676603031679,11.3770043056089,11.2082077063911,11.0520055015768,10.8874269283473,11.0351992095822,11.4965712497165,11.7971941673637,11.2322880672434,..,..
CO2 emissions (metric tons per capita),EN.ATM.CO2E.PC,Rwanda,RWA,0.0732736044258153,0.0814452399380566,0.0814036130740856,0.0812705266531034,0.0927977157696768,0.0962207458130356,0.102654554383161,0.111987033315544,0.113057797770289,0.105124140047262,..,..
CO2 emissions (metric tons per capita),EN.ATM.CO2E.PC,Samoa,WSM,0.529176031298681,0.807573583757228,0.983800059018,1.02747364403713,1.14112520938641,1.20022963453081,1.22910947358282,1.18597431581156,1.31521200537977,0.960782397908146,..,..
CO2 emissions (metric tons per capita),EN.ATM.CO2E.PC,San Marino,SMR,..,..,..,..,..,..,..,..,..,..,..,..
CO2 emissions (metric tons per capita),EN.ATM.CO2E.PC,Sao Tome and Principe,STP,0.386395552711832,0.372267141684178,0.62604189784111,0.603553471698304,0.614546250074581,0.628933891082529,0.64604203118691,0.650598077068665,0.6533115252168,0.645350140184137,..,..
CO2 emissions (metric tons per capita),EN.ATM.CO2E.PC,Saudi Arabia,SAU,10.7095181603127,11.5863127738441,15.9839190651263,16.8252361265938,17.2577930743373,16.795103103967,16.0777919021258,15.0655004937014,14.7030166496769,14.2665853675408,..,..
CO2 emissions (metric tons per capita),EN.ATM.CO2E.PC,Senegal,SEN,0.308691572625853,0.418753072739914,0.589383332771876,0.613587044752342,0.64679457579979,0.686906342711816,0.646584895307648,0.65339707602786,0.768574983933597,0.649800561203009,..,..
CO2 emissions (metric tons per capita),EN.ATM.CO2E.PC,Serbia,SRB,8.16062483522278,5.851965835527,6.48682910923473,5.4666972205331,6.39995050302429,6.60709443405954,6.7431359528992,6.61535438641515,6.62757991630233,6.71451717217514,..,..
CO2 emissions (metric tons per capita),EN.ATM.CO2E.PC,Seychelles,SYC,2.20409455162789,3.62007124280485,4.58259680485608,4.99896014623628,5.35008938224558,5.97399579623351,5.95452980395021,6.22455096008764,6.09782330345711,6.08051837257013,..,..
CO2 emissions (metric tons per capita),EN.ATM.CO2E.PC,Sierra Leone,SLE,0.0735194160616342,0.0727083613742993,0.148000124625638,0.159312379983553,0.148261607024579,0.156233465747467,0.145879585519628,0.132764621949018,0.129094346244259,0.127277607278142,..,..
CO2 emissions (metric tons per capita),EN.ATM.CO2E.PC,Singapore,SGP,9.50730063548281,10.4564750699312,8.13316955483092,8.11713717182074,8.20810904856042,8.0198912735455,8.43229982682534,8.01821207673574,7.91841038479591,7.68668370206727,..,..
CO2 emissions (metric tons per capita),EN.ATM.CO2E.PC,Sint Maarten (Dutch part),SXM,..,..,..,..,..,..,..,..,..,..,..,..
CO2 emissions (metric tons per capita),EN.ATM.CO2E.PC,Slovak Republic,SVK,10.3434357006084,7.06516575364836,6.08128765083193,5.6172857847039,5.67013797150744,5.79984746256443,6.17302222078411,6.05957180869179,5.68970729978492,5.31905480792852,..,..
CO2 emissions (metric tons per capita),EN.ATM.CO2E.PC,Slovenia,SVN,6.77062559023022,7.3113365260128,7.06234559720537,6.35927603565505,6.36758061788265,6.73255071809677,6.83497000563302,6.78573736169737,6.54333372438511,5.93473517885826,..,..
CO2 emissions (metric tons per capita),EN.ATM.CO2E.PC,Solomon Islands,SLB,0.471664646128124,0.547469870551517,0.667965966361303,0.570328520611006,0.496360134495479,0.474604443227374,0.458335016484524,0.456428451161852,0.451560238402472,0.323065549175264,..,..
CO2 emissions (metric tons per capita),EN.ATM.CO2E.PC,Somalia,SOM,0.10503070682271,0.0557933787500151,0.0505271937683646,0.0485302122924421,0.046948882097858,0.0457851399374806,0.0440588174785614,0.0425732267936332,0.041029202880867,0.0399346532651356,..,..
CO2 emissions (metric tons per capita),EN.ATM.CO2E.PC,South Africa,ZAF,6.20937283791364,6.07655317191499,8.11643495398564,8.19115252745267,7.60718852417825,7.54458957113285,7.68370781068603,7.66737702463575,7.68890762322173,6.68756314737781,..,..
CO2 emissions (metric tons per capita),EN.ATM.CO2E.PC,South Sudan,SSD,0.0913285401226778,0.0752024146119677,0.130838820817266,0.13551783759334,0.175928836633719,0.156351308793835,0.141871639801971,0.170162964539169,0.174641876951273,0.16430913651009,..,..
CO2 emissions (metric tons per capita),EN.ATM.CO2E.PC,Spain,ESP,5.5303681586295,7.23021305731058,5.22940078672168,5.20600921471327,5.5388552164426,5.34058533869093,5.68159077854133,5.52105983547843,5.13179880095904,4.2795945712141,..,..
CO2 emissions (metric tons per capita),EN.ATM.CO2E.PC,Sri Lanka,LKA,0.223156185963643,0.582056032020245,0.683729265092783,0.821974874404746,0.901775002944458,1.08130995719399,1.0759613709386,1.00093677895708,1.07452644131542,0.99668324284867,..,..
CO2 emissions (metric tons per capita),EN.ATM.CO2E.PC,St. Kitts and Nevis,KNA,2.79801161531647,3.98583401157036,4.75642179747524,4.77934252652284,4.97175141242938,5.1184397756759,5.08527780684315,5.13389585645192,5.18737424547284,4.84866294446077,..,..
CO2 emissions (metric tons per capita),EN.ATM.CO2E.PC,St. Lucia,LCA,1.35487452653179,2.29968652037618,2.91071284875099,2.89409853321434,2.85384032843079,2.86543508698339,2.99667537804169,2.96759758949451,2.9935660169221,2.78513922906543,..,..
CO2 emissions (metric tons per capita),EN.ATM.CO2E.PC,St. Martin (French part),MAF,..,..,..,..,..,..,..,..,..,..,..,..
CO2 emissions (metric tons per capita),EN.ATM.CO2E.PC,St. Vincent and the Grenadines,VCT,0.734307075484278,1.36715489443209,2.10609585853886,2.50205776713559,2.31494524896227,2.40838783348905,2.13265876512331,2.39644380277543,2.24066943692577,2.100695771848,..,..
CO2 emissions (metric tons per capita),EN.ATM.CO2E.PC,Sudan,SDN,0.254407994050131,0.216388042134133,0.440480408496594,0.450190246828352,0.504548222221489,0.546080394961862,0.530471761090042,0.515971084018811,0.511922936509227,0.467953928316626,..,..
CO2 emissions (metric tons per capita),EN.ATM.CO2E.PC,Suriname,SUR,4.2639915519096,3.09066008626341,4.06032836419025,4.59905701777483,4.73365480689865,5.08189999879612,4.16014391746191,3.61542154063819,4.42581305045302,4.28507655687612,..,..
CO2 emissions (metric tons per capita),EN.ATM.CO2E.PC,Sweden,SWE,6.23288099373338,6.00505471697879,4.2069276640016,4.02150965696553,3.99217853401293,3.89911000460038,3.79492404723228,3.52974394445168,3.40159396635064,3.24298914312747,..,..
CO2 emissions (metric tons per capita),EN.ATM.CO2E.PC,Switzerland,CHE,6.45169792535767,6.08397536277273,5.38130029300267,4.85956840988056,4.71974534905117,4.73723860185747,4.57876628047857,4.40214372735655,4.35860986463416,4.04207281475341,..,..
CO2 emissions (metric tons per capita),EN.ATM.CO2E.PC,Syrian Arab Republic,SYR,2.61004999921025,2.72271535807664,1.42802640569067,1.32540815590414,1.31530673654782,1.29080229475964,1.35878908347847,1.46394362975738,1.33545948848982,1.21480248375323,..,..
CO2 emissions (metric tons per capita),EN.ATM.CO2E.PC,Tajikistan,TJK,2.03368119515824,0.35086413226977,0.392681964601966,0.550493445625862,0.575406352580923,0.629971308782098,0.757120729592937,0.887070870578997,0.960233171179232,0.977533024275801,..,..
CO2 emissions (metric tons per capita),EN.ATM.CO2E.PC,Tanzania,TZA,0.0722048055232517,0.0854928419765908,0.217202207763596,0.198919396160375,0.20489763178503,0.195708590682345,0.207213701977385,0.206899782120787,0.249877326981355,0.233945592120175,..,..
CO2 emissions (metric tons per capita),EN.ATM.CO2E.PC,Thailand,THA,1.59348784439023,2.67877754570038,3.80405746007947,3.73604169400633,3.82467609758428,3.7944702310621,3.76789668093416,3.71842785188273,3.84904375698898,3.71425580600412,..,..
CO2 emissions (metric tons per capita),EN.ATM.CO2E.PC,Timor-Leste,TLS,0,0,0.313717387467662,0.379632521121174,0.36257695015728,0.423743346600662,0.451885604893685,0.404249333317484,0.482334951008952,0.343155165981408,..,..
CO2 emissions (metric tons per capita),EN.ATM.CO2E.PC,Togo,TGO,0.252222231108939,0.253392797773977,0.246122099358183,0.217949578116298,0.24428530157446,0.300938972406183,0.257067706466296,0.272149541444365,0.296284380597868,0.286061843654428,..,..
CO2 emissions (metric tons per capita),EN.ATM.CO2E.PC,Tonga,TON,0.8518439737863,1.00289465220315,1.07107172538729,1.06353047099207,1.03560053523303,1.17210780742997,1.26073139496277,1.27627199239182,1.53881335099237,1.12204761814278,..,..
CO2 emissions (metric tons per capita),EN.ATM.CO2E.PC,Trinidad and Tobago,TTO,10.3846925191746,7.65986865365113,15.3993568533708,15.1752890578846,14.5945320327604,12.4489393124758,12.3255875293435,11.8054055634678,11.3130322937192,10.1571191722541,..,..
CO2 emissions (metric tons per capita),EN.ATM.CO2E.PC,Tunisia,TUN,1.73837203998141,2.12959941843564,2.53107797998705,2.71031069526259,2.73646000671928,2.59444326113349,2.60278104885237,2.59976480429423,2.57649522620126,2.4086225282388,..,..
CO2 emissions (metric tons per capita),EN.ATM.CO2E.PC,Turkiye,TUR,2.56235800281945,3.37520711496433,4.16694672570039,4.37411896621922,4.43729766919889,4.64578888358508,5.09317926925561,5.00078952480992,4.77677115377788,4.84226692232433,..,..
CO2 emissions (metric tons per capita),EN.ATM.CO2E.PC,Turkmenistan,TKM,12.0007967146541,8.42774951566293,11.4730953338027,10.9813404266741,11.0601514177487,10.9191162876214,10.7016590590785,10.4397215133356,10.2675361537537,10.1840862992321,..,..
CO2 emissions (metric tons per capita),EN.ATM.CO2E.PC,Turks and Caicos Islands,TCA,..,..,..,..,..,..,..,..,..,..,..,..
CO2 emissions (metric tons per capita),EN.ATM.CO2E.PC,Tuvalu,TUV,0.697015900675234,0.819672131147541,0.796849239787507,0.779888063125057,0.707915785602648,0.691116844821231,0.711119320280754,0.809940174873447,0.812340270171595,0.596259824735748,..,..
CO2 emissions (metric tons per capita),EN.ATM.CO2E.PC,Uganda,UGA,0.0446779741201128,0.0540200810992287,0.104732807028038,0.113169831612196,0.125731921963759,0.127652055126342,0.128890498774082,0.14131143398732,0.138373161893107,0.127793034826946,..,..
CO2 emissions (metric tons per capita),EN.ATM.CO2E.PC,Ukraine,UKR,13.2703858442825,6.04713226846156,5.94132317752821,5.25110191904936,4.23146670654202,4.48076580847504,3.902160853166,4.15986834270536,3.93365253612705,3.75381618922792,..,..
CO2 emissions (metric tons per capita),EN.ATM.CO2E.PC,United Arab Emirates,ARE,29.0557960919948,25.8688505871006,21.1339160750868,21.1227744472553,21.9145018912965,22.2807027101609,21.1654979061116,19.060949529489,20.1533448325312,20.2522716801426,..,..
CO2 emissions (metric tons per capita),EN.ATM.CO2E.PC,United Kingdom,GBR,9.81306879909312,9.01452772078978,7.07610042765381,6.43334699951386,6.15937636059612,5.82450269116313,5.55329149720857,5.42512840439105,5.17584247261224,4.60114225090135,..,..
CO2 emissions (metric tons per capita),EN.ATM.CO2E.PC,United States,USA,19.4073358624806,20.4697967370289,16.1111752638496,16.0409167568247,15.5600154435853,15.1498827249693,14.8232454359428,15.2225180998504,14.6733807134556,13.0328279519898,..,..
CO2 emissions (metric tons per capita),EN.ATM.CO2E.PC,Uruguay,URY,1.234740193493,1.65799775470928,2.17604504936147,1.91658248964667,1.95637850746058,1.91140810471485,1.78358950382795,1.91001452564632,1.98538155745128,1.89971905049917,..,..
CO2 emissions (metric tons per capita),EN.ATM.CO2E.PC,Uzbekistan,UZB,5.74196489517309,5.02241342939668,3.69856695058724,3.40963401034538,3.17449495030177,3.30740488383849,3.38725662733184,3.42032279304893,3.50466269708326,3.37630378548758,..,..
CO2 emissions (metric tons per capita),EN.ATM.CO2E.PC,Vanuatu,VUT,0.443392850041754,0.464924976831846,0.424613142896173,0.588677679520759,0.485823222567086,0.534217457929934,0.485806524967354,0.597044043350443,0.548284516629216,0.389174968317372,..,..
CO2 emissions (metric tons per capita),EN.ATM.CO2E.PC,"Venezuela, RB",VEN,5.14567193194691,5.38391022759422,6.04673480188247,5.93629544714916,5.34321708069607,4.89458472114406,4.57368123535075,4.36396145291438,3.71059907013341,2.54502797831961,..,..
CO2 emissions (metric tons per capita),EN.ATM.CO2E.PC,Viet Nam,VNM,0.288852865453035,0.648189364148685,1.82011205575892,1.98057545667748,2.18581455940173,2.38415951269911,2.44464478063074,3.01471126646524,3.56784836932601,3.67644008813984,..,..
CO2 emissions (metric tons per capita),EN.ATM.CO2E.PC,Virgin Islands (U.S.),VIR,..,..,..,..,..,..,..,..,..,..,..,..
CO2 emissions (metric tons per capita),EN.ATM.CO2E.PC,West Bank and Gaza,PSE,..,..,..,..,..,..,..,..,..,..,..,..
CO2 emissions (metric tons per capita),EN.ATM.CO2E.PC,"Yemen, Rep.",YEM,0.496616067996693,0.806846425139704,1.03116654082667,0.988347189221146,0.475239900205302,0.34280246342813,0.322370466733983,0.36861354015115,0.354864476911382,0.308514614308256,..,..
CO2 emissions (metric tons per capita),EN.ATM.CO2E.PC,Zambia,ZMB,0.356577805399432,0.182709043733703,0.278215075625981,0.297754583504815,0.305054765965277,0.316995214805364,0.393726369451731,0.440527424110472,0.414336363523101,0.40190271250386,..,..
CO2 emissions (metric tons per capita),EN.ATM.CO2E.PC,Zimbabwe,ZWE,1.63492929972662,1.14738248854468,0.901248223773483,0.866838489398591,0.846962441443576,0.723061926681678,0.663069149889218,0.73543480467685,0.663338328142275,0.530483547000938,..,..
CO2 emissions (metric tons per capita),EN.ATM.CO2E.PC,Africa Eastern and Southern,AFE,0.982974821664844,0.891352058110034,1.00115403954986,1.01375799854783,0.960429835565109,0.941337318704173,0.933873860430409,0.921453437400276,0.915293997560283,0.795419908400246,..,..
CO2 emissions (metric tons per capita),EN.ATM.CO2E.PC,Africa Western and Central,AFW,0.470111269365381,0.521688597733918,0.481623107360517,0.493504869344438,0.47557674926893,0.479775109144257,0.465165614080428,0.475817012806994,0.490837275046448,0.463150273298324,..,..
CO2 emissions (metric tons per capita),EN.ATM.CO2E.PC,Arab World,ARB,2.79950228424177,3.25356746728702,4.38623074399608,4.43951077811138,4.4505246086133,4.40299930644354,4.35068367804768,4.22233304211785,4.18115800303134,3.92907774447049,..,..
CO2 emissions (metric tons per capita),EN.ATM.CO2E.PC,Caribbean small states,CSS,4.57179892242048,4.32765265891448,5.6723988226266,5.58212129044189,5.43758673488173,5.12342222011784,4.9719495801679,5.12587038028923,5.06660468835153,4.40268790108705,..,..
CO2 emissions (metric tons per capita),EN.ATM.CO2E.PC,Central Europe and the Baltics,CEB,8.95086149273298,6.55222800966481,6.32353812069195,6.13970975682107,6.2441332568052,6.3766056984253,6.65838797591725,6.61650818189169,6.28536421374848,5.85720584954467,..,..
CO2 emissions (metric tons per capita),EN.ATM.CO2E.PC,Early-demographic dividend,EAR,1.27999377585893,1.54765110150121,2.09680063357041,2.17188504675966,2.1597478586299,2.16559675147605,2.21718921621357,2.24104035779471,2.20279659472085,2.01640816348961,..,..
CO2 emissions (metric tons per capita),EN.ATM.CO2E.PC,East Asia & Pacific,EAS,2.3771516668311,3.02174438412942,6.0103727919808,5.98734943659413,5.88806270028322,5.86409360256956,5.96007172047609,6.1660784105225,6.24643916876399,6.22186886326224,..,..
CO2 emissions (metric tons per capita),EN.ATM.CO2E.PC,East Asia & Pacific (excluding high income),EAP,1.66493842150815,2.27930846402478,5.57594751984977,5.59042748651297,5.49044235735542,5.46782085039092,5.57836543397481,5.83168033393028,5.95140749981749,5.98224612531264,..,..
CO2 emissions (metric tons per capita),EN.ATM.CO2E.PC,East Asia & Pacific (IDA & IBRD countries),TEA,1.61142999426617,2.26899551649565,5.63202532448044,5.64479474182175,5.546539490897,5.52208528298122,5.62120068150919,5.87971393546706,5.99837070230219,6.03116979498631,..,..
CO2 emissions (metric tons per capita),EN.ATM.CO2E.PC,Euro area,EMU,8.43865684782584,8.19295749455515,6.91681641891864,6.52615298010973,6.64592981142862,6.62617445676918,6.62138769001716,6.43932551587145,6.11926297834725,5.46154003695282,..,..
CO2 emissions (metric tons per capita),EN.ATM.CO2E.PC,Europe & Central Asia,ECS,9.46160452615263,7.54251028983007,7.10397469921683,6.7555350117461,6.68846670037347,6.68527820513831,6.73314169784181,6.72408054575129,6.55070816578817,6.11174039963572,..,..
CO2 emissions (metric tons per capita),EN.ATM.CO2E.PC,Europe & Central Asia (excluding high income),ECA,10.6063940004467,6.95330576529938,7.52436591438546,7.22922091224467,6.99448953492008,7.02818623733994,7.14491832197916,7.31904298932328,7.31292883707074,7.06245426110502,..,..
CO2 emissions (metric tons per capita),EN.ATM.CO2E.PC,Europe & Central Asia (IDA & IBRD countries),TEC,10.2376892913699,6.83781128222475,7.3432303587853,7.06102525953164,6.87391753615107,6.92645668310314,7.06553667030563,7.21676081747445,7.174929839106,6.91356094749506,..,..
CO2 emissions (metric tons per capita),EN.ATM.CO2E.PC,European Union,EUU,8.48875950911414,7.83538043075661,6.74430575586331,6.40209041913854,6.51712339581019,6.52593346140103,6.57114687774115,6.41593946860533,6.10185210698654,5.50607043589747,..,..
CO2 emissions (metric tons per capita),EN.ATM.CO2E.PC,Fragile and conflict affected situations,FCS,2.17016817566466,1.28954447833503,1.12657879101072,1.07182669020531,0.951756516167436,0.943720412199815,0.913742827071844,0.925113260794685,0.892137929334585,0.775010831158316,..,..
CO2 emissions (metric tons per capita),EN.ATM.CO2E.PC,Heavily indebted poor countries (HIPC),HPC,0.166646505929184,0.166768998412036,0.250633679531986,0.258270680705877,0.267560243147637,0.273930517098976,0.275768158383611,0.279928376000999,0.28911370352903,0.268471052988447,..,..
CO2 emissions (metric tons per capita),EN.ATM.CO2E.PC,High income,HIC,11.1252522998055,11.6663718162468,10.520093270511,10.294484824571,10.2032471484176,10.0676452260296,9.95548316587909,9.92391350903419,9.59723701776035,8.7499128183433,..,..
CO2 emissions (metric tons per capita),EN.ATM.CO2E.PC,IBRD only,IBD,2.58591503859526,2.54059776396098,4.33236890280087,4.33960266174419,4.25217417081616,4.22721529686406,4.29215663120079,4.42334065345161,4.4401510599647,4.30429159638125,..,..
CO2 emissions (metric tons per capita),EN.ATM.CO2E.PC,IDA & IBRD total,IBT,2.16586225272856,2.09030288942503,3.37709828082297,3.37734174869119,3.30367055815883,3.28330148322507,3.32823615835518,3.41642234357228,3.41831413448536,3.29854387858719,..,..
CO2 emissions (metric tons per capita),EN.ATM.CO2E.PC,IDA blend,IDB,0.991437717702611,0.959726276125283,0.817048744866746,0.822664598367525,0.806681246430686,0.840294280161004,0.860389305464899,0.841235249796721,0.839321107165888,0.798612684357823,..,..
CO2 emissions (metric tons per capita),EN.ATM.CO2E.PC,IDA only,IDX,0.242766970073914,0.241482732873838,0.325061262084577,0.33612088303906,0.341513825080783,0.363940116118719,0.386612292035812,0.401069947315199,0.403989302722542,0.377941163632789,..,..
CO2 emissions (metric tons per capita),EN.ATM.CO2E.PC,IDA total,IDA,0.488864145506189,0.480722875358542,0.48990399915783,0.499037008299255,0.497056428858614,0.522850426348579,0.544303315565705,0.547297213396817,0.548328469490799,0.517184006949399,..,..
CO2 emissions (metric tons per capita),EN.ATM.CO2E.PC,Late-demographic dividend,LTE,3.37898428428201,3.31974303996435,6.46728431679391,6.42930036567088,6.31579906428544,6.27986172825846,6.37513997288311,6.59512710706694,6.69759653323282,6.68385121564308,..,..
CO2 emissions (metric tons per capita),EN.ATM.CO2E.PC,Latin America & Caribbean,LCN,2.01632996482036,2.38809215024961,2.87886170082819,2.86316460380317,2.81738301695433,2.72473109251449,2.6600754414831,2.55393723040609,2.51155364710848,2.21061135980164,..,..
CO2 emissions (metric tons per capita),EN.ATM.CO2E.PC,Latin America & Caribbean (excluding high income),LAC,1.8520643970378,2.21419978462095,2.63652646920541,2.63999587005208,2.61464648364906,2.5359465068338,2.4860427423862,2.38492445523739,2.36284404919676,2.11254497614329,..,..
CO2 emissions (metric tons per capita),EN.ATM.CO2E.PC,Latin America & the Caribbean (IDA & IBRD countries),TLA,1.99720035129393,2.40094852524311,2.90136736621441,2.88922916015683,2.83810697244411,2.74612974209328,2.68072767603042,2.56929160709182,2.52970162035912,2.22190600706842,..,..
CO2 emissions (metric tons per capita),EN.ATM.CO2E.PC,Least developed countries: UN classification,LDC,0.129164434838629,0.166785916895928,0.28185722333053,0.296220862922799,0.301136362472458,0.321128089177505,0.340048310595404,0.351050376868531,0.353556448895232,0.327108375841548,..,..
CO2 emissions (metric tons per capita),EN.ATM.CO2E.PC,Low & middle income,LMY,2.07575270753448,2.02077408061301,3.31528310646367,3.32033791032348,3.246898402392,3.22750816806768,3.27681367042842,3.36754824287095,3.37509476354085,3.26424700057325,..,..
CO2 emissions (metric tons per capita),EN.ATM.CO2E.PC,Low income,LIC,0.62646551448094,0.410214093695481,0.280144623670182,0.282727022826767,0.24847082060284,0.249647648378528,0.291585253132772,0.290268282815497,0.294710864333515,0.269341050173669,..,..
CO2 emissions (metric tons per capita),EN.ATM.CO2E.PC,Lower middle income,LMC,1.14023272422288,1.08853276001671,1.50823505659197,1.56824801274432,1.55554812530617,1.58310486332854,1.62419852434549,1.6832212386899,1.66576844391655,1.54611702210388,..,..
CO2 emissions (metric tons per capita),EN.ATM.CO2E.PC,Middle East & North Africa,MEA,3.3569224786258,4.13088967535511,5.53726347657049,5.60389382794366,5.56914370245815,5.51644895108089,5.49626870834763,5.3763920192484,5.30136339830932,5.03381829765426,..,..
CO2 emissions (metric tons per capita),EN.ATM.CO2E.PC,Middle East & North Africa (excluding high income),MNA,2.32904819779108,2.86427104332944,3.65467415622558,3.66913512873128,3.56964338292971,3.55086029397737,3.63132673210673,3.63901411529123,3.55249417864834,3.32905608702325,..,..
CO2 emissions (metric tons per capita),EN.ATM.CO2E.PC,Middle East & North Africa (IDA & IBRD countries),TMN,2.34935706764006,2.89405938722584,3.69614868091498,3.71090674106023,3.61041375202359,3.59159428554842,3.67311090654464,3.681235313638,3.5940458476525,3.36834375922243,..,..
CO2 emissions (metric tons per capita),EN.ATM.CO2E.PC,Middle income,MIC,2.18150327125514,2.1537122463979,3.62387395507626,3.63305773906611,3.55972325954779,3.54283404027956,3.5978926436457,3.70402908404991,3.71797973954179,3.6037893413802,..,..
CO2 emissions (metric tons per capita),EN.ATM.CO2E.PC,North America,NAC,18.9780576847106,20.1016996025828,16.0811860093057,16.0190643672686,15.566170471554,15.1744943453702,14.8937676620944,15.2620188982358,14.7097933503994,13.0888374603574,..,..
CO2 emissions (metric tons per capita),EN.ATM.CO2E.PC,Not classified,INX,..,..,..,..,..,..,..,..,..,..,..,..
CO2 emissions (metric tons per capita),EN.ATM.CO2E.PC,OECD members,OED,10.2680532195203,10.7258543374611,9.3991755622092,9.15852916009868,9.05033092494584,8.94089476581983,8.86687006547014,8.8362931756373,8.51483332467633,7.71464368626857,..,..
CO2 emissions (metric tons per capita),EN.ATM.CO2E.PC,Other small states,OSS,4.71308575200727,4.61232040601031,6.28355836984545,6.43082236780202,6.23422572372707,6.23007260607779,6.17730053344968,6.06155176471974,5.90709427639526,5.61056186341668,..,..
CO2 emissions (metric tons per capita),EN.ATM.CO2E.PC,Pacific island small states,PSS,0.710814905393012,1.00496543647503,1.05120952776065,1.10422449016924,1.09376143876063,1.07290462174925,1.12733635689941,1.15340212395219,1.16684476374863,0.848521068295038,..,..
CO2 emissions (metric tons per capita),EN.ATM.CO2E.PC,Post-demographic dividend,PST,11.7234111501087,11.9567791688939,10.4958125324894,10.2136794770076,10.0401448081191,9.89769944868962,9.77304396002448,9.80269870825497,9.44349636462412,8.55165935550203,..,..
CO2 emissions (metric tons per capita),EN.ATM.CO2E.PC,Pre-demographic dividend,PRE,0.449708022911335,0.473958358675688,0.502682971091411,0.503899085691493,0.494322464370772,0.501718876327459,0.50260102145822,0.511820016758186,0.528941580214758,0.477024614654774,..,..
CO2 emissions (metric tons per capita),EN.ATM.CO2E.PC,Small states,SST,4.40244831277835,4.30565355584885,5.83817014413309,5.93966230601084,5.76947470878047,5.71261369003232,5.65312131321264,5.59704761795897,5.4719411106927,5.11011101795905,..,..
CO2 emissions (metric tons per capita),EN.ATM.CO2E.PC,South Asia,SAS,0.561889907781137,0.762643802008327,1.27815679797095,1.37049783833153,1.37095834981794,1.39303396152964,1.45386747789926,1.51696107701494,1.47864988572934,1.33779148421422,..,..
CO2 emissions (metric tons per capita),EN.ATM.CO2E.PC,South Asia (IDA & IBRD),TSA,0.561889907781137,0.762643802008327,1.27815679797095,1.37049783833153,1.37095834981794,1.39303396152964,1.45386747789926,1.51696107701494,1.47864988572934,1.33779148421422,..,..
CO2 emissions (metric tons per capita),EN.ATM.CO2E.PC,Sub-Saharan Africa,SSF,0.777742887243832,0.742866043245805,0.79053165759963,0.802872436697849,0.763983889704225,0.754344394374774,0.743930197496088,0.740879626496928,0.743359241170379,0.660876172775718,..,..
CO2 emissions (metric tons per capita),EN.ATM.CO2E.PC,Sub-Saharan Africa (excluding high income),SSA,0.777550961058301,0.742518226781403,0.790174495237313,0.802481826935624,0.763559115657305,0.753867413977909,0.743460744159245,0.740393855643969,0.742893122404203,0.660412632875853,..,..
CO2 emissions (metric tons per capita),EN.ATM.CO2E.PC,Sub-Saharan Africa (IDA & IBRD countries),TSS,0.777742887243832,0.742866043245805,0.79053165759963,0.802872436697849,0.763983889704225,0.754344394374774,0.743930197496088,0.740879626496928,0.743359241170379,0.660876172775718,..,..
CO2 emissions (metric tons per capita),EN.ATM.CO2E.PC,Upper middle income,UMC,3.09048653877826,3.16714088627038,5.88462995325157,5.85566677811047,5.73280069079836,5.68337370069832,5.76923310610866,5.94397030028122,6.01051685122161,5.92235226433117,..,..
CO2 emissions (metric tons per capita),EN.ATM.CO2E.PC,World,WLD,4.02086768742079,3.95166042502221,4.71938605295781,4.68181304296171,4.6007965508262,4.55751966254109,4.5773062634964,4.64129373522904,4.58203557903014,4.29185309581619,..,..
,,,,,,,,,,,,,,,
,,,,,,,,,,,,,,,
,,,,,,,,,,,,,,,
Data from database: World Development Indicators,,,,,,,,,,,,,,,
Last Updated: 10/26/2023,,,,,,,,,,,,,,,
